{
  "SVM": {
    "accuracy": 0.6788990825688074,
    "f1": 0.6698113207547169,
    "auc": 0.7223740744554381
  },
  "MLP": {
    "accuracy": 0.6712538226299695,
    "f1": 0.656,
    "auc": 0.7173052261090154
  },
  "1D_CNN": {
    "accuracy": 0.6085626911314985,
    "f1": 0.5830618892508144,
    "auc": 0.6504460399329771
  },
  "Ensemble": {
    "accuracy": 0.6681957186544343,
    "f1": 0.6482982171799028,
    "auc": 0.7068960675472016,
    "threshold": 0.51
  }
}